>rs6656401_1_207518704_CGCTTCCTTATGCCT,ACTGGCCGCTTCACTGGGCTGCTGGCAATCGTTGATGTTCCTTGGCTTGTAGATGCATCATTTCCTTCTCTGTCTCCATCTTCTCGTCGCCTTCTCCTCTGTGTGTGTCCTTTGCTCTTCTGTCTCCTATAAAGACACTGGACATGGATTTAGAGGGGTACCTCTAGACGCTTCCTTATGCCTAGATCGGAAGAGCGTCG
>rs6808835_3_46408373_TTAGAAGGTATCCAA,ACTGGCCGCTTCACTGCTATCTTCTAAACTTGGCAGTTTCTAACTTGTGTTTCTTGCTTACCCTGCCCTTCTGGGCTCATGCTGGTGGCGATCCCATGTGTAAAATTCTCATTGGACTGTACTTCGTGGGCCTGTACAGTGAGACATTTTTCAATTGGTACCTCTAGATTAGAAGGTATCCAAAGATCGGAAGAGCGTCG
>rs9469112_6_32447376_CCGCTTAGAACCAGT,ACTGGCCGCTTCACTGTTGGCATTCTCTGAGCTATTTACTATTGTTTTGCCTTTTTCAGAATGTCACATACTTGTAATCATACAGTATAGAGCTTTTTCAGATGAGATTCTTTTGCTTAGCCATATGCATACAGGTTTCCTGCGTATATTGTCATAGGTACCTCTAGACCGCTTAGAACCAGTAGATCGGAAGAGCGTCG
>rs9269853_6_32582545_CAGCTCAACTATTCC,ACTGGCCGCTTCACTGTTGGGTACATGAGGAAACCAAGTATGAATTTTAGGAATACTACTCCCATGCACTCACACCTTAGAACACCACAGAAATTGTTCTGCCCCTGGGAAGGTGGGACAGACAGAAATGATTCTCCAAATTTTTACTTTCCTAGAGGTACCTCTAGACAGCTCAACTATTCCAGATCGGAAGAGCGTCG
>rs9269853_6_32582545_CAGCTCAACTATTCC,ACTGGCCGCTTCACTGTTGGGTACATGAGGAAACCAAGTATGAATTTTAGGAATACTACTCCCATGCACTCACACCTTAGAACACTACAGAAATTGTTCTGCCCCTGGGAAGGTGGGACAGACAGAAATGATTCTCCAAATTTTTACTTTCCTAGAGGTACCTCTAGACAGCTCAACTATTCCAGATCGGAAGAGCGTCG
>rs143332484_6_41161469_TTAACGTTAATCTCG,ACTGGCCGCTTCACTGGTGATGGCTGTGCTCCCATTCCACCTCCTCAGGAAGGACAGCAGCCACAAGTTGTGCGTGCTGACCACATGCTGGCATGGGCCCTTCTCTCCCAGCTGGCGGCACCAGGCCTTGCGCCTCCCCCAGTGCTTCATGGAGTCGGTACCTCTAGATTAACGTTAATCTCGAGATCGGAAGAGCGTCG
>rs75932628_6_41161514_ACGGCGGTCGCGTAC,ACTGGCCGCTTCACTGCACAAGTTGTGCGTGCTGACCACACGCTGGCATGGGCCCTTCTCTCCCAGCTGGCGGCACCAGGCCTTGAGCCTCCCCCAGTGCTTCATGGAGTCATAGGGGCAAGACACCTGCAGGGACTGGCCCGCCACGCCCTGGAAGGTACCTCTAGAACGGCGGTCGCGTACAGATCGGAAGAGCGTCG
>rs75932628_6_41161514_ACGGCGGTCGCGTAC,ACTGGCCGCTTCACTGCACAAGTTGTGCGTGCTGACCACACGCTGGCATGGGCCCTTCTCTCCCAGCTGGCGGCACCAGGCCTTGTGCCTCCCCCAGTGCTTCATGGAGTCATAGGGGCAAGACACCTGCAGGGACTGGCCCGCCACGCCCTGGAAGGTACCTCTAGAACGGCGGTCGCGTACAGATCGGAAGAGCGTCG
>rs16887604_6_76439941_GCAAGCCTCAAGTAC,ACTGGCCGCTTCACTGGTAATAGAATACATGCTGGATGCTTTCTGGAAAAGGGACCTGAGACAGCAAGTTGATCCTGCCAGTCTTTGAACATCATTCTGGGGATATGTTGCTTGAAAAGGTAGCAAGTAACCTGTGTCCGTGAGTAGAGCAGAGAAGGTACCTCTAGAGCAAGCCTCAAGTACAGATCGGAAGAGCGTCG
>rs1925690_6_87157345_TGCCTGATTGCTAAG,ACTGGCCGCTTCACTGGCAAAATTAAAGTCTCATTCCTTTGAATTTTAATATTTAAAAATTGTTGAAATTTCTCAGTTTCTCTACCTTGCAGTACCCACTCATTCTTAATTGGTCTTTAAAGATTTATTTTAGAGATAAAAAAATTTCTCTAAGATGGTACCTCTAGATGCCTGATTGCTAAGAGATCGGAAGAGCGTCG
>rs1859788_7_100374211_TAACTCGCCTTACCG,ACTGGCCGCTTCACTGTTCTATTACCCCTGGGAGTTAGCCACAGCTCCCGACGTGAGAATATCCTGGAGACGGGGCCACTTCCACCGGCAGTCCTTCTACAGCACAAGGCCGCCTTCCATTCACAAGGATTATGTGAACCGGCTCTTTCTGAACTGGGTACCTCTAGATAACTCGCCTTACCGAGATCGGAAGAGCGTCG
>rs1859788_7_100374211_TAACTCGCCTTACCG,ACTGGCCGCTTCACTGTTCTATTACCCCTGGGAGTTAGCCACAGCTCCCGACGTGAGAATATCCTGGAGACGGGGCCACTTCCACGGGCAGTCCTTCTACAGCACAAGGCCGCCTTCCATTCACAAGGATTATGTGAACCGGCTCTTTCTGAACTGGGTACCTCTAGATAACTCGCCTTACCGAGATCGGAAGAGCGTCG
>rs11763230_7_143411748_TCTTGCATATAAGAT,ACTGGCCGCTTCACTGTTTCCATTCCAAAATCAACTTTACTGAGGGACAACTTGCATAAAATAAGTTGCAGCCATTCCAAGTGTATGGTTCAATGGGCTCTCACAAATGTATATGCACCACCACCTCAGTCAAGATGCAGAGCAGTTTCAGCATCTGGTACCTCTAGATCTTGCATATAAGATAGATCGGAAGAGCGTCG
>rs11771145_7_143413669_CCGGACGATAAGCGC,ACTGGCCGCTTCACTGCCCCCCACCTGAGAGTAATATCCTGACTTAAAACACCACGGAGTGGATTTGCCTGTTTTTAAACTTTATAAAACGGAATCATCTGATATGCATTCTTTGGTGTCCGAGTTCTTTCATTTACCGTTACGTTTGGAAGATGTGGTACCTCTAGACCGGACGATAAGCGCAGATCGGAAGAGCGTCG
>rs114360492_7_146252937_CTAAGTTGGCTACGA,ACTGGCCGCTTCACTGGTCTTATTGCCTCATCGTAATGATAATAATGAGAGCAACAATTATAATGGCAAAAGCAAGGACTCCTGCTATTTACTGTTTGTGTATTAAATGCTCCACTCTACACTAAAAGCTTTATGTACAGTCTTATTCCTCAAAATGGTACCTCTAGACTAAGTTGGCTACGAAGATCGGAAGAGCGTCG
>rs28834970_8_27337604_GTAGGAGCATCTATT,ACTGGCCGCTTCACTGTGGCAAGACTAATCTACTTTCTATTTTTATGGATCTGCCTTTTCTGGTCATTCCATATAAGTGGAATTGCACAACACTGTGGCCTTTCGCGACGGCTGCTTTCACTTAGCACAATGTTTTGAAACTTCCTCCATGTTGTAGGTACCTCTAGAGTAGGAGCATCTATTAGATCGGAAGAGCGTCG
>rs79145239_8_27462330_CCTCGCGATATATTC,ACTGGCCGCTTCACTGCTGGATTCTCCACTGCTCCTGGATGACATCATGATTAATTTTCTTGTCTGTTCATCAAGGCCACTCAGTTATAACCTCCCGGCCTTTCATCCTTCCCTAGGCTTAGTAGAATTTTGTGCTAGAGTAGCGGCCTGCTCAATGGTACCTCTAGACCTCGCGATATATTCAGATCGGAAGAGCGTCG
>rs9331896_8_27610169_GATAACCGCTGCTGA,ACTGGCCGCTTCACTGCAGGAGGGATAAGCTCTGGGCACTCCAAAGGGGAGAGGGATAAGAGCTCCGGTGGTCCAGACACAGCTTTGTGGAGGAGGCCTGGGAGCTGGGCTAAGGGGCCTGGGAGGGGAAGAGCTGAATGAAATGCAACAGCCGAAGGTACCTCTAGAGATAACCGCTGCTGAAGATCGGAAGAGCGTCG
>rs9331888_8_27611345_GAGACCGTCTACTCC,ACTGGCCGCTTCACTGGGACAATTCCCTTCGGAGAGTAGAGAGGGTTCGCAGTGGCCCGAGGAGCAGGCTTCCCAGAGAAAGTCCGTTTGGAAGGATGAGTCCTCTTGCTCTGCCAGGCCCTCCACACTGCCCATCCCCTCTAAGCCGACAGCAGGGGTACCTCTAGAGAGACCGTCTACTCCAGATCGGAAGAGCGTCG
>rs514716_9_3929424_AGCGCTTACGCTAGC,ACTGGCCGCTTCACTGTTCTTTCTTTTCACAGCTTGAATAATGTTTAGCTGGGATTTCAGGTTTTTCTTGGTTTTCAGTAGGATCTGACAGGTGTGGGAAAGGGCCACGTGCCCACGGTCAGGGCATCACTTATGAGATCCCGACCCCTCCTCACAGGTACCTCTAGAAGCGCTTACGCTAGCAGATCGGAAGAGCGTCG
>rs61860854_10_59580135_TACCGGAACGTCTCA,ACTGGCCGCTTCACTGCAATAAGGAGAAACAGCTGGAGCTAAAATATTGCGTCCAGGCCCCCTTTTGGCTAAGCCTTTGTCACAACTGTGTAGATGCTAAGCTGTCATGGCAAGTCATGTCTCAACAGCATTTAAGAGGATGAAAACATTCAGATGGGTACCTCTAGATACCGGAACGTCTCAAGATCGGAAGAGCGTCG
>rs11023139_11_14202800_ACCGGTTCGCGCTGG,ACTGGCCGCTTCACTGGATTTTTGCAGGTGGCTAATATCATCAATTATTTTACTCACTCAACTCTCAGAGGGTAATCACTTCTTTAATTCAAGTTTCAAGGCCATCTCACTGTGGGCTCCTATACATCACCGATTACACCGGGCAGAGTCAAGCAGGGTACCTCTAGAACCGGTTCGCGCTGGAGATCGGAAGAGCGTCG
>rs12292911_11_47427521_AGGTATCAGGTTACG,ACTGGCCGCTTCACTGCAACATAGCTTATATTTCAAGTCAAACCATCACAAACACTCTGTTAACCTGATGAAAATCTGTGCAATCATTGCCTTTTTTTTGTTTGCTTGTTTGTTTTTTGTTTTTTGAGACGGAGTCTCGCTCTGTCGCCCAGGCTGGGTACCTCTAGAAGGTATCAGGTTACGAGATCGGAAGAGCGTCG
>rs11605427_11_60161199_TAGTACGTCCGTCTT,ACTGGCCGCTTCACTGTTTTGTGTTTTTTTTCCTTCCAATAATGAACAGCTTTATTCAGTCCCTTTTCATTTTGTCAATTTGTAACGTTTGTTTAGTTCAGAAAGGTTCAGATAGTTTTCTACCATACTCAGTGACCTGGAAAATGTGGATATCTTGGTACCTCTAGATAGTACGTCCGTCTTAGATCGGAAGAGCGTCG
>rs17817600_11_85966428_GATTGCGTCCGATAA,ACTGGCCGCTTCACTGACTGTGCCCAATTCTCCTCTTAGAATTAGAGAATAAGGACAATTCAGGGAATAGGAACAATTTCCAAAAGCAGGGCAACCTTTAAATATTTTCTTAGTCAGTTTCAAATATTTTCATTTGATCCTTACAGCAAAATGATAGGTACCTCTAGAGATTGCGTCCGATAAAGATCGGAAGAGCGTCG
>rs561655_11_86089237_GTTAAGGTTCCGTCC,ACTGGCCGCTTCACTGAAGTTGGTGAAATCATGGAATGTATGAAGTTAACCTGGGAGTGAACTAAAGACAGTCCTGGGTAATTCCAACATTAAAGGGGCAGCATACAATTTTGAATGAGCACTGAAGATACATAGTCACTTTCTGATAAAATTAAGGGTACCTCTAGAGTTAAGGTTCCGTCCAGATCGGAAGAGCGTCG
>rs573521_11_102846249_GCTCCGGATGCAGCT,ACTGGCCGCTTCACTGAAGAGCAACTGAGTGTAAGAAGGAACGGAGGGAGAAGGAGGGAGAAGAGAAAGGGGGAGGAAGATGAGGGGAGGGGAGGAGGAGAGCAAACACTCCAGGTGTAGAGGGAGGAACTGAATACTAGCGGAAAAAAAGTGGGCGGTACCTCTAGAGCTCCGGATGCAGCTAGATCGGAAGAGCGTCG
>rs187293782_12_75763576_CAACTTCCGTCTTAT,ACTGGCCGCTTCACTGTTCCTTGCAATGAGTTCCATTTTCCCTTTTAGATAAATGTATGTAGCTGGGATTACAGGTGCACGCCACTGTGCCCAGTTAAATTTTGTATTTTTAGTAGAGATGGGGTTTCATTATGTTGGCCAGGCTGGTCTCAAACTGGTACCTCTAGACAACTTCCGTCTTATAGATCGGAAGAGCGTCG
>rs117483990_12_89830937_TGGATGAAGTCGAGG,ACTGGCCGCTTCACTGAGAACTAACAAATTTTTCACAAAAATGTGCTTTCAAGGTTGTCACTTTCTTTTTGTATTTTATTTCTTTGTTTCACTATGAACTGAGTATCCTGAGAATAAGGAGCTTGCCTAATACTTTGCCTTCAAGGTATATTATACGGTACCTCTAGATGGATGAAGTCGAGGAGATCGGAAGAGCGTCG
>rs115102486_14_95298227_CGCTTCGAGGCCTCA,ACTGGCCGCTTCACTGCACCATGGCACCCAATTCTAGCTGGGCTCCTGCCTGCAGTCCTCTCCCTTCCCTTCCCCTTCCCCCCCAGTAGATTTTATACCCCAGTGAATCACAAAACACAAAGAAGAGCCTGTTCTCTCCCTTGTCCTGACTCAGATGGTACCTCTAGACGCTTCGAGGCCTCAAGATCGGAAGAGCGTCG
>rs150511909_14_97442349_TTACTGAAGTAGTCG,ACTGGCCGCTTCACTGTGTGTGAAATACTGTCTTGGGCCCCATGGCAATTTCTGGATCTAAGTTTGTGATTTCTAGTTTAATCTTCATCTTCTCCTCCTCCCACTGTCTCAGCATCTAGGCTGGGGATCTTTGGCCCACAGAAACCACATCTTTCTGGTACCTCTAGATTACTGAAGTAGTCGAGATCGGAAGAGCGTCG
>rs593742_15_58753575_TTAGACCTCAGGCCA,ACTGGCCGCTTCACTGTAGACAAGTAATACTAGAGGAGAATGCTTGTTGCACAGACCGAAGGCCAATGCTGGTAAACATTTCAACGATTACATTGTGAATTTCCAAATTCTACTAAACTGCCTGCTGGATGTCCCACTGTCATGCCAAACTCAATAGGTACCTCTAGATTAGACCTCAGGCCAAGATCGGAAGAGCGTCG
>rs117618017_15_63277703_AGGCTGCAAGTCAGG,ACTGGCCGCTTCACTGCCGTGTTCTTCGGCTGCGCCTTCATTGCCTTCGGGCCTGCGCTCGCCCTTTATGTCTTCACCATCGCCATCGAGCCGTTGCGTATCATCTTCCTCATCGCCGGGTGAGGCGGTCGCGTCGGGAAACCCGGACGCCGGGGCGGTACCTCTAGAAGGCTGCAAGTCAGGAGATCGGAAGAGCGTCG
>rs75885813_16_7091262_CCGCTCCAGTTACCG,ACTGGCCGCTTCACTGCTCATTTACATTCCAAGTACACTTCCTCTGTTTTTACTTTAAGTTAAAATACTGCAATTTTTAATTTTAGCTTTACTTTTTTTTTTTGTTACAAATTTGGTGTTCCATTTATTCACTGAAAATAACTTTTCTTCACTTTAGGTACCTCTAGACCGCTCCAGTTACCGAGATCGGAAGAGCGTCG
>rs75885813_16_7091262_CCGCTCCAGTTACCG,ACTGGCCGCTTCACTGCTCATTTACATTCCAAGTACACTTCCTCTGTTTTTACTTTAAGTTAAAATACTGCAATTTTTAATTTTATCTTTACTTTTTTTTTTTGTTACAAATTTGGTGTTCCATTTATTCACTGAAAATAACTTTTCTTCACTTTAGGTACCTCTAGACCGCTCCAGTTACCGAGATCGGAAGAGCGTCG
>rs118099348_16_19423707_CAGCTTCTTGAATGC,ACTGGCCGCTTCACTGCCCACTGTACTTTCAACAAAGAACACTTCTGTGATCAGATATTGGCGGGGGTTGAGAGGTCCACACTGATCAAGTCTCCAACACCAGCTGGGTGCCCCACAATTTTATTGTTATTATTATTATTATTATTTTGAGACAGAGGTACCTCTAGACAGCTTCTTGAATGCAGATCGGAAGAGCGTCG
>rs7225151_17_5233752_ATGATATGATCATGA,ACTGGCCGCTTCACTGGTTATTTACCACTGAAGCAGAGTGAAGCCTGTGCTCCACATTGCTTCATGGCCAAGACCTCAGGGACAAATGGACACACCAGGCAGTGGGAGTGGATATGGCAAAGCCAAACCCAGATCTCTTCTCAAAATAATTTTCCAGGTACCTCTAGAATGATATGATCATGAAGATCGGAAGAGCGTCG
>rs113260531_17_5235685_TAAGCTTACGTCAGG,ACTGGCCGCTTCACTGTGATAAATATCTGATAATGTCTGATATATGTCTGGTAAATTTAACAAACACCGGGCTCTGGCTGGGTGCAGTGGCTCACACCTGTAATCCCAGCACTTTGGGAGGCCAAGGCGGGTGGATCACCTGAAGTCAGTAGTTCGGGTACCTCTAGATAAGCTTACGTCAGGAGATCGGAAGAGCGTCG
>rs616338_17_49219935_TCCGCTCGCCGTTAA,ACTGGCCGCTTCACTGCCCGGATTCCCGAGCCAGTGCACCTGCCGGTGGTGCCCGACGGCAGACTCTCCGCCGCCTCCTCTGCGTCTTCCCTGGCCTCGGCCGGGTGAGACCTACAAGCCCACGTGGGTGGGTGGGGGGTGGGAAGTGGCTTTTGAGGTACCTCTAGATCCGCTCGCCGTTAAAGATCGGAAGAGCGTCG
>rs2632516_17_58331728_GCTCCGGACTTCGCC,ACTGGCCGCTTCACTGCCCTCCAGCGTCCAAATGAGGCAGCCACAGCTCCCCTGCCAAGGTCTTGGTCTCCAGTCCACCCCAACCATGAGGTCCTGACTGCCCAGAGCCTCAGTCCCCACCCTTCAGCCTCCCCACCAGCCCAAGATCCTGACCCCGGTACCTCTAGAGCTCCGGACTTCGCCAGATCGGAAGAGCGTCG
>rs2632516_17_58331728_GCTCCGGACTTCGCC,ACTGGCCGCTTCACTGCCCTCCAGCGTCCAAATGAGGCAGCCACAGCTCCCCTGCCAAGGTCTTGGTCTCCAGTCCACCCCAACCCTGAGGTCCTGACTGCCCAGAGCCTCAGTCCCCACCCTTCAGCCTCCCCACCAGCCCAAGATCCTGACCCCGGTACCTCTAGAGCTCCGGACTTCGCCAGATCGGAAGAGCGTCG
>rs35816125_18_49562460_GAACCTTCGCCATCG,ACTGGCCGCTTCACTGAGGGACGGCTGGAAGGTAACGTGAATTTGTTTTTATTCCCCCCAGCCACTTCTCTGTGCTGGGTCCCCTGTGTCTTGCTGATTCTTCAAACCCTCCTTGTTCCTATGAAATTCTTCCTTTCCCACTGCGCTGCCCATTCTGGTACCTCTAGAGAACCTTCGCCATCGAGATCGGAAGAGCGTCG
>rs3752231_19_1043639_CTAGCGTTCTCTAAG,ACTGGCCGCTTCACTGGAAACTATTTGAAGAAGTAGGAGTTAGCCGATGGAGGGGGATCAGCTTGTGCGGAGGATCAGAGGCACATGCAGGAGCAAGGCAGAGGGGGCAGGGGGTGGGCAGGGGTCCTCAGAGGAGGAGAGGGTCATCAGTGGAGGGGTACCTCTAGACTAGCGTTCTCTAAGAGATCGGAAGAGCGTCG
>rs3764650_19_1046521_CGTCCTTGCCTTGAG,ACTGGCCGCTTCACTGCCCGGGTGTGGGGGTGGGCCCAGGCTCTGTTGGGAACCTTCCTGCGGTCCAGGCTGCGAACTTTGCACCGTTACACCACTCCACGTGACCTGCTGCAGCGGGAGGAGCAGGGGACTCTGAGGGTCTGGTGGGGGGGGGGAGGTACCTCTAGACGTCCTTGCCTTGAGAGATCGGAAGAGCGTCG
>rs4147929_19_1063444_ATATGCGCCTATGAT,ACTGGCCGCTTCACTGCGCCCCATACTCATGCTGCCCCCACCACACTATGTCCCATTCTCACATTTGCCCTGCCCCATGCCCATTGTGCCCCTGCTCCACACTCAATGCTGGCCCCGCCACACTGTGGCCCTGCCCCATACTCATCAATATGAGTCGGTACCTCTAGAATATGCGCCTATGATAGATCGGAAGAGCGTCG
>rs9749589_19_3405594_TATGGACGGCTTACG,ACTGGCCGCTTCACTGAGGAGGAAGTTCTCTATGGAGGATCAGGGTCCGTACTGGAATTCCTTTCTATTTTTATTTAATTTAATTAATTTATTTATTTATTTATTTTTGAGATGGAGTTTCACTCTTGTTGCCTAGGCTGGAGTGCAATGGCACGAGGTACCTCTAGATATGGACGGCTTACGAGATCGGAAGAGCGTCG
>rs9749589_19_3405594_TATGGACGGCTTACG,ACTGGCCGCTTCACTGAGGAGGAAGTTCTCTATGGAGGATCAGGGTCCGTACTGGAATTCCTTTCTATTTTTATTTAATTTAATTCATTTATTTATTTATTTATTTTTGAGATGGAGTTTCACTCTTGTTGCCTAGGCTGGAGTGCAATGGCACGAGGTACCTCTAGATATGGACGGCTTACGAGATCGGAAGAGCGTCG
>rs10426401_19_44644419_ATGGAGTTAGACGGC,ACTGGCCGCTTCACTGTCCTCTTGGCCACCCGGAGAGCGGTCGGAGTTGGGTACAGAAATTCCTCGAAATTGGCAGCAACACGGGGCGGGCACAAGACCCTCCTCTGGGCCCCTCGGAAAGGGGATGGAGTTGGGTGAGGAAATTTCCCAAAAAGGGGTACCTCTAGAATGGAGTTAGACGGCAGATCGGAAGAGCGTCG
>rs150820726_19_44723891_TCGCCAGATTCCGGA,ACTGGCCGCTTCACTGCTGCAGAGTTGTGAGCAAGGGACAGACAGAGGTAGGCTTGTACTTCCAAGAGACTCCCCCAGCTGCCACTTGCAGGGTGAATGGAATGATGCACAGAATCCAGTTTCAGGGGTAGTTTGGTACTTGGACCCAGGTCCCAGGGTACCTCTAGATCGCCAGATTCCGGAAGATCGGAAGAGCGTCG
>rs4803750_19_44744370_TGACCTATCTCGGTT,ACTGGCCGCTTCACTGTAGCACATGGACGAGCCAGGGCTCAAAACTATGTCTCTAAGCCCAGCATGTTGAATTCTATTTTCCCCAGTGAAGCAGGTCCTGCTATTGAAAACACAGGATATTTGATGAGGACAATAATAATATATAATGTTATATTAGGTACCTCTAGATGACCTATCTCGGTTAGATCGGAAGAGCGTCG
>rs2965169_19_44747899_TTGCTCCATCGTTAG,ACTGGCCGCTTCACTGGCACCTAGGATTTTCCGAGCACCCACCCCGGTGCCCCGCGGGCCCCGGCTGGGGGCAGGGCCCCCAACGCGTGCAGAGACACAATCAGTGGAGCGCTCCCCACCCTCACCCCACCCCCAGCCCCTTTAGACCCACAGCTGGGTACCTCTAGATTGCTCCATCGTTAGAGATCGGAAGAGCGTCG
>rs10401176_19_44750234_CGATCTAACTCCGGA,ACTGGCCGCTTCACTGATCAGGAGTTCTGCCACGGCCTCCCAGCTTTCCTATTCCAAGAGTGAGAAAGCAGGCCTCAGTTTTCCCGGTCTGTGTGATGGGTTGGTATGGATTTGCCTGCTGCCATGGTCCCCTCGCCTTTGTTTGTTTTTGTTTTTGGTACCTCTAGACGATCTAACTCCGGAAGATCGGAAGAGCGTCG
>rs10401176_19_44750234_CGATCTAACTCCGGA,ACTGGCCGCTTCACTGATCAGGAGTTCTGCCACGGCCTCCCAGCTTTCCTATTCCAAGAGTGAGAAAGCAGGCCTCAGTTTTCCCTGTCTGTGTGATGGGTTGGTATGGATTTGCCTGCTGCCATGGTCCCCTCGCCTTTGTTTGTTTTTGTTTTTGGTACCTCTAGACGATCTAACTCCGGAAGATCGGAAGAGCGTCG
>rs114036675_19_44759439_CTTATGACGCCTGGT,ACTGGCCGCTTCACTGCCTGCTCTCTGGGTCTAGCCTCTCACCACCCACCCCTCTGTCTCTCTTCCTTCCTCAGGTCTTCTCTCCACATCACCATCCTCCTCACCCTCCCAGTCTCCCCCCAGGGACCCCCCTGGATTCCCCATGGCTCCTCCCAAGGTACCTCTAGACTTATGACGCCTGGTAGATCGGAAGAGCGTCG
>rs2967668_19_44799694_CCAGTCGAGGTCTCA,ACTGGCCGCTTCACTGCGTGGCCCCTGTTTTTTCGGTTTGTTGTTGTTGTTGTTGTTGTTTTTAAAAAAGAAAGAAAAGTAAAGAGAGAGAGAGAGAAAGAAAGGGAGAGAAAGAAGGAGGGAGAGAGAAAGGAAAGAGAGAGAAATAGAAAAAGAGGTACCTCTAGACCAGTCGAGGTCTCAAGATCGGAAGAGCGTCG
>rs140824606_19_44807827_GAGTTCAACTAGGCT,ACTGGCCGCTTCACTGTACTTGGGAGGCTGAAGTGGAAGGATTGCTTGAGCCCAGGCGGTTGAGGTTTGAATGAGCTATGATTGCACCCACTGCATTCCCGGCTGGGCAACAGAGCGAGACCCTGTCAAAAACAAAACAAACAAACAAAAAAAACGGGTACCTCTAGAGAGTTCAACTAGGCTAGATCGGAAGAGCGTCG
>rs58826447_19_44825122_TAATCGTCTTCCGAC,ACTGGCCGCTTCACTGATTTATACTGGCCAAGACCCTTTGTGGCTCTTATCTGACCTGTGTCCAGTTTATTCCAAACCAGGAAAGACATTAGGTTCAGGTGTGTCAGTCAAGTGACACACACAAAGGAGGCAACTCAACAAAACACATGAAATATCGGTACCTCTAGATAATCGTCTTCCGACAGATCGGAAGAGCGTCG
>rs10402271_19_44825957_TCCGCAAGTCTAGGT,ACTGGCCGCTTCACTGAGAGACACACTGTGATGGAGGTTGTCATATCTGCACAGTCCATTCATTGGAGGTGTGGGGATCAGTAGCGTGGGTCAAGTAGTTTGTATCTATCTAGCTGTCCCATACAGAGATGGTCCCATACAGGAGGAGGTGAGATAGGTACCTCTAGATCCGCAAGTCTAGGTAGATCGGAAGAGCGTCG
>rs148601586_19_44843409_AAGTCTGGATCAGCC,ACTGGCCGCTTCACTGTAATCCCAGCTACTCAGGAGGCTGAGGCAGGAGAATCACTCAAACCTGGGGGGCGGAGGTTGCAGCGAGGCGAGATTGATTGCGCCACTGCACTCCAGCCTTGGCAACAGAGCCAGACTCCGTCTCAAAAACAAAAAGAGGGTACCTCTAGAAAGTCTGGATCAGCCAGATCGGAAGAGCGTCG
>rs41289512_19_44848259_TCCTAGGAGCGAGAC,ACTGGCCGCTTCACTGCAGAAATAGGCAGATGAGATCAGAACTGGCACCTCTGGGTGAATTCTCCGAACCCACCAGACCCTGAGCGTACTGTTAGCTTGGTGCATGATCTCACCGAAGGCTCCAGCTTGCCCTGGGAAACAGGTCCTGTTTCTGTTGGTACCTCTAGATCCTAGGAGCGAGACAGATCGGAAGAGCGTCG
>rs283811_19_44885243_CTAATTACCGAGATT,ACTGGCCGCTTCACTGTTAGTAGGGACAGGGTTTCTCCATGTTGGTCAGGCTGGTCTCACACTCCTGACCTCAGGTGATCTGCCCGCCTCGGCCTCCCAAAGTGCTGGGATTACAGGCGTGAGCCACCACGCCTGGCTGATCTTTCTTTCTTTTTTGGTACCTCTAGACTAATTACCGAGATTAGATCGGAAGAGCGTCG
>rs6857_19_44888997_GATAAGTTCTGAGAC,ACTGGCCGCTTCACTGAGGGTCCAGACCCTTCCCTGAGCCCCCACCCCCACCCCAATTCCTGCCTACCAAGCAAGCAGCCCCAGCTTAGGGTCAGACAGGGTGAGCCTCATACAGACTGTGCCTTGATGGCCCCAGCCTTGGGAGAAGAATTTACTGGTACCTCTAGAGATAAGTTCTGAGACAGATCGGAAGAGCGTCG
>rs561654715_19_44890947_TCCTATTGAGTCTCA,ACTGGCCGCTTCACTGGACCAATTATCACAGCAACCTCGCCGCGGGGCGGAATCAAAAGAGGGCCTCCTCCAGGAGAGAGGCGGGACGATGCCTCAGCGGGCGTGGCAAAATGCTCAGCACAGACCAATGGCGGGTTAGCACCGGAACCCGCGGCGGGTACCTCTAGATCCTATTGAGTCTCAAGATCGGAAGAGCGTCG
>rs76692773_19_44890954_GAGACGGCGTCGTAC,ACTGGCCGCTTCACTGTATCACAGCAACCTCGCCGCGGGGCGGAATCAAAAGAGGGCCTCCTCCAGGAGAGAGGCGGGGCGATGCTTCAGCGGGCGTGGCAAAATGCTCAGCACAGACCAATGGCGGGTTAGCACCGGAACCCGCGGCGACGCGAGGGTACCTCTAGAGAGACGGCGTCGTACAGATCGGAAGAGCGTCG
>rs71352238_19_44891079_AATAGGCTACGTATA,ACTGGCCGCTTCACTGCCGCGGCGACGCGAGCCAATAGGCGCAGGCGCTGCGAGCCAATGGGAAGGGTGGGAGGGGCGCCGTGGCCACCCTGCGAGTGAGAACCAATACAAAAGGACATTTCAGGGAAAGTGGGCGGGACTTTATGCACAAGTCCAGGTACCTCTAGAAATAGGCTACGTATAAGATCGGAAGAGCGTCG
>rs157580_19_44892009_CCTCGTACCGAGGCT,ACTGGCCGCTTCACTGAAGCCAGACTTCTCTTGTGATCGGGAAGGCAACTGAGGCCCAAGGTCACGGTGTCAGCAAGGTGTCAGCAAGGTTCCTTGGGTATGGGACCCAAAGCCTCCGGATCCCAGCCTGGAGCAATTAGAGTAGTAGTAGTGGTGGGTACCTCTAGACCTCGTACCGAGGCTAGATCGGAAGAGCGTCG
>rs2075650_19_44892362_CATGACGTACGCCAT,ACTGGCCGCTTCACTGCTGCTGTGGGTCTCTGGAGAGAGCTGGGGGTGGTAGGGAAGGAAGAGATGAGAGTTGGTGTGGGGTTGGGGTGGAGTGTGACAGCGTTTCTCTTCTCCAGAGCTGTTTCCCATTCAGATGGAGGGTGTCAAGCTCACAGTGGTACCTCTAGACATGACGTACGCCATAGATCGGAAGAGCGTCG
>rs157582_19_44892962_GTATATGAAGTAAGC,ACTGGCCGCTTCACTGCACATATGTGGGGACAAAGCAGCTGAGTCCCACAGAGGTGAGCTTCCTTTTTCATCCATTCATTGTATCTTTCTAATAACAAATTTGTAGCCAAATGTCAAGCTAAGACGGCCTCATCAGGAAAAGGTCACAGCTACCGAGGTACCTCTAGAGTATATGAAGTAAGCAGATCGGAAGAGCGTCG
>rs59007384_19_44893408_CCAGTTAAGCATGAT,ACTGGCCGCTTCACTGTGGGGCATCTCTGGGGTGGCCATGTGGGGGCTAGTTATTAGGAAGGGCAAAACTGGAGGCCCAGACAGGTTTGGGGGGACTGAATGAGGTCTCTGCTTCTGTCATTTCCCTTCAGCAAATGTGTTTATTCTGCAAACCTTGGTACCTCTAGACCAGTTAAGCATGATAGATCGGAAGAGCGTCG
>rs7259620_19_44904531_CTTATCAATTGGTAT,ACTGGCCGCTTCACTGCCCACCCGCTCCAGGAGCCAGGAATGAGTCCCAGTCTCTCCCAGTTCTCACTGTGTGGTTTTGCCATTCATCTTGCTGCTGAACCACGGGTTTCTCCTCTGAAACATCTGGGATTTATAACAGGGCTTAGGAAAGTGACAGGTACCTCTAGACTTATCAATTGGTATAGATCGGAAGAGCGTCG
>rs7259620_19_44904531_CTTATCAATTGGTAT,ACTGGCCGCTTCACTGCCCACCCGCTCCAGGAGCCAGGAATGAGTCCCAGTCTCTCCCAGTTCTCACTGTGTGGTTTTGCCATTCCTCTTGCTGCTGAACCACGGGTTTCTCCTCTGAAACATCTGGGATTTATAACAGGGCTTAGGAAAGTGACAGGTACCTCTAGACTTATCAATTGGTATAGATCGGAAGAGCGTCG
>rs449647_19_44905307_TCGGTCTTATGAGTT,ACTGGCCGCTTCACTGCCACGCCTGGCTAACTTTTGTATTTTTAGTAGAGATGGGGTTTCACCATGTTGGCCAGGCTGGTCTCAATCTCCTGACCTTAAGTGATTCGCCCACTGTGGCCTCCCAAAGTGCTGGGATTACAGGCGTGAGCTACCGCCGGTACCTCTAGATCGGTCTTATGAGTTAGATCGGAAGAGCGTCG
>rs405509_19_44905579_CGTAATCATTGCTCC,ACTGGCCGCTTCACTGGAGGACTCTGGGCGGCAGCCTCCACATTCCCCTTCCACGCTTGGCCCCCAGAATGGAGGAGGGTGTCTGGATTACTGGGCGAGGTGTCCTCCCTTCCTGGGGACTGTGGGGGGTGGTCAAAAGACCTCTATGCCCCACCTGGTACCTCTAGACGTAATCATTGCTCCAGATCGGAAGAGCGTCG
>rs769449_19_44906745_CATGAACCTTCAGCT,ACTGGCCGCTTCACTGGCGGGGCTTGCTCGGTTCCCCCCGCTCCTCCCCCTCTCATCCTCACCTCAACCTCCTGGCCCCATTCAGACAGACCCTGGGCCCCCTCTTCTGAGGCTTCTGTGCTGCTTCCTGGCTCTGAACAGCGATTTGACGCTCTCGGTACCTCTAGACATGAACCTTCAGCTAGATCGGAAGAGCGTCG
>rs769450_19_44907187_TCGGTATATGAGTCG,ACTGGCCGCTTCACTGGGTGATCTGCCCGTTTCGATCTCCCAAAGTGCTGGGATTACAGGCGTGAGCCACCGCACCTGGCTGGGAATTAGAGGTTTCTAATGCATTGCAGGCAGATAGTGAATACCAGACACGGGGCAGCTGTGATCTTTATTCTCGGTACCTCTAGATCGGTATATGAGTCGAGATCGGAAGAGCGTCG
>rs769452_19_44907853_GGCGTAACCTTACGA,ACTGGCCGCTTCACTGCGGTGGAGACAGAGCCGGAGCCCGAGCTGCGCCAGCAGACCGAGTGGCAGAGCGGCCAGCGCTGGGAACCGGCACTGGGTCGCTTTTGGGATTACCTGCGCTGGGTGCAGACACTGTCTGAGCAGGTGCAGGAGGAGCTGGGTACCTCTAGAGGCGTAACCTTACGAAGATCGGAAGAGCGTCG
>rs1081105_19_44909698_GCTACTGGATAAGTC,ACTGGCCGCTTCACTGGCCTCAGTAGCTGGGATTACAGGCTCACACCACCACACCCGGCTAATTTTTGTATTTTTAGTAGAGACGCGCTTTCACCATGTTGGCCAGGCAGGTCTCAAACTCCTGACCAAGTGATCCACCCGCCGGCCTCCCAAAGTGGTACCTCTAGAGCTACTGGATAAGTCAGATCGGAAGAGCGTCG
>rs439401_19_44911194_TTCATTCTCAGAGAC,ACTGGCCGCTTCACTGTGAGACGAGAGCTGGCGCTCAGAGAGGGGAAGCTTGGATGGAAGCCCAGGAGCCGCCGGCACTCTCTTCCCCTCCCACCCCCTCAGTTCTCAGAGACGGGGAGGAGGGTTCCCACCAACGGGGGACAGGCTGAGACTTGAGGTACCTCTAGATTCATTCTCAGAGACAGATCGGAAGAGCGTCG
>rs483082_19_44912921_TCAGGTCGGTAACCT,ACTGGCCGCTTCACTGAGCAGACATCTGGGTGGATGTTTGGGGGGTGCTGGGCTTAGTTGGGGAAGTAGGGGGGCCCCTGGGGCTTACAGGGACTGGAAGCTCTGAGCTGGCCAGAGGGATGTTGCAATCCTGCCAGGGTCTTGTCTATGCTGTCCGGTACCTCTAGATCAGGTCGGTAACCTAGATCGGAAGAGCGTCG
>rs60049679_19_44926451_AAGTCAATGCCAGAG,ACTGGCCGCTTCACTGCTGAGGAGGCTTGCTGAGAGAGGGGAAGTGAGGGAAAGAGGTGATCTAGGGACACGGTGTGAATGAGGGCGGGATGAGATCACAGGGTTATTACTGGGAGACCCCTGAGGGAAGATGGCCACAGGGACAGGACGAGGCTGGGTACCTCTAGAAAGTCAATGCCAGAGAGATCGGAAGAGCGTCG
>rs4263041_19_44935386_GGTCGTTATCGGCGT,ACTGGCCGCTTCACTGCCCAGCACTTTGGGAGTCCGAGGCGGGCAGATCACTTGAGCTCAAGAGTTCGAAACCAACCTGACCAACGTGGTGAAACTCCATCTTTACGAAAAATTAAAAAATTAGCCAGGCGTGGTGGCAAGTGCCTGTAGTCTCAGGGTACCTCTAGAGGTCGTTATCGGCGTAGATCGGAAGAGCGTCG
>rs7254723_19_44952664_TCCTAGACGCCGTAA,ACTGGCCGCTTCACTGACTTTTAGTAGAGATGGGGTTTCTCCATTTTGGTCAGGCTGGTCTCGAACTCCCGACCTCAGGTGATCCCCCAGCCTCTGCCTCCCAAAGTGCTGGGATTACAGTGTGAGCCACCACACCCAGCCAATTTTGTACTTTTTGGTACCTCTAGATCCTAGACGCCGTAAAGATCGGAAGAGCGTCG
>rs7254723_19_44952664_TCCTAGACGCCGTAA,ACTGGCCGCTTCACTGACTTTTAGTAGAGATGGGGTTTCTCCATTTTGGTCAGGCTGGTCTCGAACTCCCGACCTCAGGTGATCCGCCAGCCTCTGCCTCCCAAAGTGCTGGGATTACAGTGTGAGCCACCACACCCAGCCAATTTTGTACTTTTTGGTACCTCTAGATCCTAGACGCCGTAAAGATCGGAAGAGCGTCG
>rs204907_19_44958739_CTAGCATGATGACGC,ACTGGCCGCTTCACTGCCTTGTGGTATAATTTAGATGGTATAACGTTCACCTGTTCTTAGGATAGAGTCCATTGGCTCCTGGTCCGTTTATGCAGTTGTGTGGTGCAGCCATCACCACAGTCTGGTCTGAGAAAGCTTCTGTCCCCTCAAAAAGTTGGTACCTCTAGACTAGCATGATGACGCAGATCGGAAGAGCGTCG
>rs117612135_19_45001269_ACTTCTGGATTCAAT,ACTGGCCGCTTCACTGTAAGGCGTGATGGCTCTAAGCAGGCCTCAGTTGTCTCGTCCAGAGCAATGGGCAGCGACGCCTGCCCAATCCCTCCTGAGCGCCCAGCCTCCCTTTCCCGGCCGGCCCCGCCCCCGCGATCACGTGACGCGTGGGGGTTTGGTACCTCTAGAACTTCTGGATTCAATAGATCGGAAGAGCGTCG
>rs76856627_19_45040497_CGCAGCGCGAGAACG,ACTGGCCGCTTCACTGAGTATATTCATTAATCTTTTCTTGAGGATAATCATTGGTGGGATCCCAAGGGCTTCTGTTTGTTGTAGCGTACTGTGTCGTTTGGTGTGGCCTCCCAGTGCCGATCCGGTGTTAGCAAGAAAAAGGGAAGTCTCTGTAACGGTACCTCTAGACGCAGCGCGAGAACGAGATCGGAAGAGCGTCG
>rs112481437_19_45045877_AACCTCGGCAGAATC,ACTGGCCGCTTCACTGAGTAAATATTAGCTCTTGTTATTGACATTACTGTTGCTGATAGAACTGGAGTTTGGATCCAGGTGGAGGAATGGTGCAGAGGAAGGAAGGCTGGAGCTGAGACTCCAGGCCCCCTCCCTGTTAGCAGGGAAGCTTGCTGCGGTACCTCTAGAAACCTCGGCAGAATCAGATCGGAAGAGCGTCG
>rs60239918_19_45077114_GTAGTTCTATTCGGA,ACTGGCCGCTTCACTGGAGGGATTCAATTTTCTCCCCTATGATGGGAAAGGGCATGGTGGAGCTGAGGCTGGAGGGAAGGAAGCCTAGCCAGTGGGCCTGGGCATTGAGGAATTACAAGGAAAGGGAGAGGCAATACGGGTTGGGGATTGAGTTCAGGTACCTCTAGAGTAGTTCTATTCGGAAGATCGGAAGAGCGTCG
>rs183321458_19_45077818_AGGTACGCAGTAAGC,ACTGGCCGCTTCACTGTCCCCAGTTCCCTCTTGGATCTCACTTTCTCCATCTGTCAAAGGAGGTAGGGCAGGTTGGAACTAGAGGATTATCTGAGGTGGTTTCTTCTTCACTGCCGCCTCCTCTGATCACCCTTTTTTTTTTTGTAATTTTTAATTGGTACCTCTAGAAGGTACGCAGTAAGCAGATCGGAAGAGCGTCG
>rs138137383_19_45098343_TATCTCCGACTGATG,ACTGGCCGCTTCACTGTTCTGAAGGCCAAGGCCAGACTTACACAAGGAACCCATCAGGCCAAACTGCAGGAATGACCTGAGGCTCAGCTGGTCTCCTCAGTCCCAGCTGAACTCTGTGGGGTTGGAAAGATAGGCATGTGAGAGGGACTTGTGATGGGTACCTCTAGATATCTCCGACTGATGAGATCGGAAGAGCGTCG
>rs138137383_19_45098343_TATCTCCGACTGATG,ACTGGCCGCTTCACTGTTCTGAAGGCCAAGGCCAGACTTACACAAGGAACCCATCAGGCCAAACTGCAGGAATGACCTGAGGCTCCGCTGGTCTCCTCAGTCCCAGCTGAACTCTGTGGGGTTGGAAAGATAGGCATGTGAGAGGGACTTGTGATGGGTACCTCTAGATATCTCCGACTGATGAGATCGGAAGAGCGTCG
>rs138137383_19_45098343_TATCTCCGACTGATG,ACTGGCCGCTTCACTGTTCTGAAGGCCAAGGCCAGACTTACACAAGGAACCCATCAGGCCAAACTGCAGGAATGACCTGAGGCTCTGCTGGTCTCCTCAGTCCCAGCTGAACTCTGTGGGGTTGGAAAGATAGGCATGTGAGAGGGACTTGTGATGGGTACCTCTAGATATCTCCGACTGATGAGATCGGAAGAGCGTCG
>rs12461065_19_45102050_GGTCGCGATAAGCGC,ACTGGCCGCTTCACTGTTCCCCTTCCCTTCTCTCCTTGGATCTGAGTCCCTTCCCTCGTGCTCCCCCAGCCAGCGTGTCCTTGGCTTGCTTGGGACATCCTGCCCCTGCATGGGCTGTGGGAGGCGTGTGGGCTGTGAAGTCCGGTGACCTCTCCAGGTACCTCTAGAGGTCGCGATAAGCGCAGATCGGAAGAGCGTCG
>rs28469095_19_45152075_CAGCTAGCGCAATAG,ACTGGCCGCTTCACTGTGTGGGCCAAGTCCCCAGTGTGGTGGCCTTCGCCGGCTTGCCCTGAGGCACGGCCCGACGGGGGCGCCCCGGAGGCGCTGTTGGCCCGGTGGGCAGCGTGGGGGGTATCGCGGGTAGGGGACTTGGGCGGGCTGGGCGGCGGTACCTCTAGACAGCTAGCGCAATAGAGATCGGAAGAGCGTCG
>rs10421247_19_45154228_AGCATCATCGCTAAG,ACTGGCCGCTTCACTGGTGGTCGGTGTAAGGGATGAATGAATGAGATGCTGAGGAGGAGCTATGCTAGGCAGCAGGATACACCCTTGGTCTTATCTTGTTGACTTAACTGCTCCTCCTGCAGGAAGCCCTCCCTGATCCCCAGGCTGGGTCGGGGGGGTACCTCTAGAAGCATCATCGCTAAGAGATCGGAAGAGCGTCG
>rs3865444_19_51224706_TTCTGGATAACTAGC,ACTGGCCGCTTCACTGCTTTGTTTCTCTGCCCCAGACACTCACACGGACCCTATAGAATCCTATATCCTGCTGGACTAAACACCCAATGGATCTAGGTGAGGCTGCGACTCGGGCCAGGCCAGCAGTGATCAGCCCTGGTGTAAACAGTTGTGCACGGTACCTCTAGATTCTGGATAACTAGCAGATCGGAAGAGCGTCG
>rs6014724_20_56423488_TCAGGTCCTATTGGC,ACTGGCCGCTTCACTGCATGGGAAACAATTGAAAGTTGCATCAGGTTTTGAAACCAAAAAGGGAGACCTTATATTTTTGTTTAGAGAGTTATATTCTATTCTATTAAGTTTTGTTTTAAAGCTTAAACATTACTTTATTTTATTTATTTATTTATTGGTACCTCTAGATCAGGTCCTATTGGCAGATCGGAAGAGCGTCG
>rs147991290_21_32716160_CCTCATTCGTCGGCA,ACTGGCCGCTTCACTGAACAACCATTAAAACACTCAAAGCAAATTTTAATTGTCACCAGTAAAAATCATGCACAATTTTTAAAACCATACTTCCTTTTGATACTCTAACAAGGCTAAACAATTGCACTAGCCCATTCCACTCTTTATTGCTTCTTTGGTACCTCTAGACCTCATTCGTCGGCAAGATCGGAAGAGCGTCG
>rsabcde_21_32716160_CCTCATTCGTCGGCA,AAAAAAAAAAAAAAAAAAAAAAAAAAAAAAAAAAAAAAAAAAAAAAAAAAAAAAAAAAAAAAAAAAAAAAAAAAAAAAAAAAAAAAGGGGGGGGGGAAAAAAAAAAAAAAAAAAAAAAAAAAAAAAAAAAAAAAAAAAAAAAAAAAAAAAAAAAAAAAAAAAAAAAAAAAAAAAAAAAAAAAAAAAAAAAAAAAAAAAAAAAAAA
>rsabcde_21_32716160_CCTCATTCGTCGGCA,AAAAAAAAAAAAAAAAAAAAAAAAAAAAAAAAAAAAAAAAAAAAAAAAAAAAAAAAAAAAAAAAAAAAAAAAAAAAAAAAAAAAATGGGGGAAAAAAAAAAAAAAAAAAAAAAAAAAAAAAAAAAAAAAAAAAAAAAAAAAAAAAAAAAAAAAAAAAAAAAAAAAAAAAAAAAAAAAAAAAAAAAAAAAAAAAAAAAAAA
