>rs6656401_1_207518704_CGCTTCCTTATGCCT,ACTGGCCGCTTCACTGGGCTGCTGGCAATCGTTGATGTTCCTTGGCTTGTAGATGCATCATTTCCTTCTCTGTCTCCATCTTCTCATCGCCTTCTCCTCTGTGTGTGTCCTTTGCTCTTCTGTCTCCTATAAAGACACTGGACATGGATTTAGAGGGGTACCTCTAGACGCTTCCTTATGCCTAGATCGGAAGAGCGTCG
>rs6808835_3_46408373_TTAGAAGGTATCCAA,ACTGGCCGCTTCACTGCTATCTTCTAAACTTGGCAGTTTCTAACTTGTGTTTCTTGCTTACCCTGCCCTTCTGGGCTCATGCTGGGGGCGATCCCATGTGTAAAATTCTCATTGGACTGTACTTCGTGGGCCTGTACAGTGAGACATTTTTCAATTGGTACCTCTAGATTAGAAGGTATCCAAAGATCGGAAGAGCGTCG
>rs9469112_6_32447376_CCGCTTAGAACCAGT,ACTGGCCGCTTCACTGTTGGCATTCTCTGAGCTATTTACTATTGTTTTGCCTTTTTCAGAATGTCACATACTTGTAATCATACAGCATAGAGCTTTTTCAGATGAGATTCTTTTGCTTAGCCATATGCATACAGGTTTCCTGCGTATATTGTCATAGGTACCTCTAGACCGCTTAGAACCAGTAGATCGGAAGAGCGTCG
>rs9269853_6_32582545_CAGCTCAACTATTCC,ACTGGCCGCTTCACTGTTGGGTACATGAGGAAACCAAGTATGAATTTTAGGAATACTACTCCCATGCACTCACACCTTAGAACACAACAGAAATTGTTCTGCCCCTGGGAAGGTGGGACAGACAGAAATGATTCTCCAAATTTTTACTTTCCTAGAGGTACCTCTAGACAGCTCAACTATTCCAGATCGGAAGAGCGTCG
>rs143332484_6_41161469_TTAACGTTAATCTCG,ACTGGCCGCTTCACTGGTGATGGCTGTGCTCCCATTCCACCTCCTCAGGAAGGACAGCAGCCACAAGTTGTGCGTGCTGACCACACGCTGGCATGGGCCCTTCTCTCCCAGCTGGCGGCACCAGGCCTTGCGCCTCCCCCAGTGCTTCATGGAGTCGGTACCTCTAGATTAACGTTAATCTCGAGATCGGAAGAGCGTCG
>rs75932628_6_41161514_ACGGCGGTCGCGTAC,ACTGGCCGCTTCACTGCACAAGTTGTGCGTGCTGACCACACGCTGGCATGGGCCCTTCTCTCCCAGCTGGCGGCACCAGGCCTTGCGCCTCCCCCAGTGCTTCATGGAGTCATAGGGGCAAGACACCTGCAGGGACTGGCCCGCCACGCCCTGGAAGGTACCTCTAGAACGGCGGTCGCGTACAGATCGGAAGAGCGTCG
>rs16887604_6_76439941_GCAAGCCTCAAGTAC,ACTGGCCGCTTCACTGGTAATAGAATACATGCTGGATGCTTTCTGGAAAAGGGACCTGAGACAGCAAGTTGATCCTGCCAGTCTTCGAACATCATTCTGGGGATATGTTGCTTGAAAAGGTAGCAAGTAACCTGTGTCCGTGAGTAGAGCAGAGAAGGTACCTCTAGAGCAAGCCTCAAGTACAGATCGGAAGAGCGTCG
>rs1925690_6_87157345_TGCCTGATTGCTAAG,ACTGGCCGCTTCACTGGCAAAATTAAAGTCTCATTCCTTTGAATTTTAATATTTAAAAATTGTTGAAATTTCTCAGTTTCTCTACTTTGCAGTACCCACTCATTCTTAATTGGTCTTTAAAGATTTATTTTAGAGATAAAAAAATTTCTCTAAGATGGTACCTCTAGATGCCTGATTGCTAAGAGATCGGAAGAGCGTCG
>rs116139393_7_6732029_CCGCTTACGAACCTT,ACTGGCCGCTTCACTGGTTTTCATGCTTGTGTATATGTTCCTCAACTTTATTTTATGATGCATTTTAAGAGGTTTGTAAGGATTCCTACTTTTTTTTTTCTTTTTTTTTGGGATGGAGTCTTGCTCTGTTGCCCAGGCTGCAGTGCAGTGGCATGAGGTACCTCTAGACCGCTTACGAACCTTAGATCGGAAGAGCGTCG
>rs1859788_7_100374211_TAACTCGCCTTACCG,ACTGGCCGCTTCACTGTTCTATTACCCCTGGGAGTTAGCCACAGCTCCCGACGTGAGAATATCCTGGAGACGGGGCCACTTCCACAGGCAGTCCTTCTACAGCACAAGGCCGCCTTCCATTCACAAGGATTATGTGAACCGGCTCTTTCTGAACTGGGTACCTCTAGATAACTCGCCTTACCGAGATCGGAAGAGCGTCG
>rs11763230_7_143411748_TCTTGCATATAAGAT,ACTGGCCGCTTCACTGTTTCCATTCCAAAATCAACTTTACTGAGGGACAACTTGCATAAAATAAGTTGCAGCCATTCCAAGTGTACGGTTCAATGGGCTCTCACAAATGTATATGCACCACCACCTCAGTCAAGATGCAGAGCAGTTTCAGCATCTGGTACCTCTAGATCTTGCATATAAGATAGATCGGAAGAGCGTCG
>rs11771145_7_143413669_CCGGACGATAAGCGC,ACTGGCCGCTTCACTGCCCCCCACCTGAGAGTAATATCCTGACTTAAAACACCACGGAGTGGATTTGCCTGTTTTTAAACTTTATGAAACGGAATCATCTGATATGCATTCTTTGGTGTCCGAGTTCTTTCATTTACCGTTACGTTTGGAAGATGTGGTACCTCTAGACCGGACGATAAGCGCAGATCGGAAGAGCGTCG
>rs114360492_7_146252937_CTAAGTTGGCTACGA,ACTGGCCGCTTCACTGGTCTTATTGCCTCATCGTAATGATAATAATGAGAGCAACAATTATAATGGCAAAAGCAAGGACTCCTGCCATTTACTGTTTGTGTATTAAATGCTCCACTCTACACTAAAAGCTTTATGTACAGTCTTATTCCTCAAAATGGTACCTCTAGACTAAGTTGGCTACGAAGATCGGAAGAGCGTCG
>rs28834970_8_27337604_GTAGGAGCATCTATT,ACTGGCCGCTTCACTGTGGCAAGACTAATCTACTTTCTATTTTTATGGATCTGCCTTTTCTGGTCATTCCATATAAGTGGAATTGTACAACACTGTGGCCTTTCGCGACGGCTGCTTTCACTTAGCACAATGTTTTGAAACTTCCTCCATGTTGTAGGTACCTCTAGAGTAGGAGCATCTATTAGATCGGAAGAGCGTCG
>rs79145239_8_27462330_CCTCGCGATATATTC,ACTGGCCGCTTCACTGCTGGATTCTCCACTGCTCCTGGATGACATCATGATTAATTTTCTTGTCTGTTCATCAAGGCCACTCAGTAATAACCTCCCGGCCTTTCATCCTTCCCTAGGCTTAGTAGAATTTTGTGCTAGAGTAGCGGCCTGCTCAATGGTACCTCTAGACCTCGCGATATATTCAGATCGGAAGAGCGTCG
>rs9331896_8_27610169_GATAACCGCTGCTGA,ACTGGCCGCTTCACTGCAGGAGGGATAAGCTCTGGGCACTCCAAAGGGGAGAGGGATAAGAGCTCCGGTGGTCCAGACACAGCTTCGTGGAGGAGGCCTGGGAGCTGGGCTAAGGGGCCTGGGAGGGGAAGAGCTGAATGAAATGCAACAGCCGAAGGTACCTCTAGAGATAACCGCTGCTGAAGATCGGAAGAGCGTCG
>rs9331888_8_27611345_GAGACCGTCTACTCC,ACTGGCCGCTTCACTGGGACAATTCCCTTCGGAGAGTAGAGAGGGTTCGCAGTGGCCCGAGGAGCAGGCTTCCCAGAGAAAGTCCCTTTGGAAGGATGAGTCCTCTTGCTCTGCCAGGCCCTCCACACTGCCCATCCCCTCTAAGCCGACAGCAGGGGTACCTCTAGAGAGACCGTCTACTCCAGATCGGAAGAGCGTCG
>rs514716_9_3929424_AGCGCTTACGCTAGC,ACTGGCCGCTTCACTGTTCTTTCTTTTCACAGCTTGAATAATGTTTAGCTGGGATTTCAGGTTTTTCTTGGTTTTCAGTAGGATCCGACAGGTGTGGGAAAGGGCCACGTGCCCACGGTCAGGGCATCACTTATGAGATCCCGACCCCTCCTCACAGGTACCTCTAGAAGCGCTTACGCTAGCAGATCGGAAGAGCGTCG
> rs17314229_10_13974159_TTGCTTCAATTCAAC,ACTGGCCGCTTCACTGCGATTTCGGCTCACTGAAAGCTCCACCTCTGGATAGGGACAGTTCTAAAGGCATTGTTTTATTCTACGACGAAGTAAAGTGACTTTAAAAATTAAAAAAGTGAAATGTATATATTTAGCTTATGGTCTGGGAATCTTTTGGGTACCTCTAGATTGCTTCAATTCAACAGATCGGAAGAGCGTCG
>rs61860854_10_59580135_TACCGGAACGTCTCA,ACTGGCCGCTTCACTGCAATAAGGAGAAACAGCTGGAGCTAAAATATTGCGTCCAGGCCCCCTTTTGGCTAAGCCTTTGTCACAATTGTGTAGATGCTAAGCTGTCATGGCAAGTCATGTCTCAACAGCATTTAAGAGGATGAAAACATTCAGATGGGTACCTCTAGATACCGGAACGTCTCAAGATCGGAAGAGCGTCG
>rs11023139_11_14202800_ACCGGTTCGCGCTGG,ACTGGCCGCTTCACTGGATTTTTGCAGGTGGCTAATATCATCAATTATTTTACTCACTCAACTCTCAGAGGGTAATCACTTCTTTGATTCAAGTTTCAAGGCCATCTCACTGTGGGCTCCTATACATCACCGATTACACCGGGCAGAGTCAAGCAGGGTACCTCTAGAACCGGTTCGCGCTGGAGATCGGAAGAGCGTCG
>rs12292911_11_47427521_AGGTATCAGGTTACG,ACTGGCCGCTTCACTGCAACATAGCTTATATTTCAAGTCAAACCATCACAAACACTCTGTTAACCTGATGAAAATCTGTGCAATCGTTGCCTTTTTTTTGTTTGCTTGTTTGTTTTTTGTTTTTTGAGACGGAGTCTCGCTCTGTCGCCCAGGCTGGGTACCTCTAGAAGGTATCAGGTTACGAGATCGGAAGAGCGTCG
>rs11605427_11_60161199_TAGTACGTCCGTCTT,ACTGGCCGCTTCACTGTTTTGTGTTTTTTTTCCTTCCAATAATGAACAGCTTTATTCAGTCCCTTTTCATTTTGTCAATTTGTAAGGTTTGTTTAGTTCAGAAAGGTTCAGATAGTTTTCTACCATACTCAGTGACCTGGAAAATGTGGATATCTTGGTACCTCTAGATAGTACGTCCGTCTTAGATCGGAAGAGCGTCG
>rs17817600_11_85966428_GATTGCGTCCGATAA,ACTGGCCGCTTCACTGACTGTGCCCAATTCTCCTCTTAGAATTAGAGAATAAGGACAATTCAGGGAATAGGAACAATTTCCAAAAACAGGGCAACCTTTAAATATTTTCTTAGTCAGTTTCAAATATTTTCATTTGATCCTTACAGCAAAATGATAGGTACCTCTAGAGATTGCGTCCGATAAAGATCGGAAGAGCGTCG
>rs561655_11_86089237_GTTAAGGTTCCGTCC,ACTGGCCGCTTCACTGAAGTTGGTGAAATCATGGAATGTATGAAGTTAACCTGGGAGTGAACTAAAGACAGTCCTGGGTAATTCCGACATTAAAGGGGCAGCATACAATTTTGAATGAGCACTGAAGATACATAGTCACTTTCTGATAAAATTAAGGGTACCTCTAGAGTTAAGGTTCCGTCCAGATCGGAAGAGCGTCG
>rs573521_11_102846249_GCTCCGGATGCAGCT,ACTGGCCGCTTCACTGAAGAGCAACTGAGTGTAAGAAGGAACGGAGGGAGAAGGAGGGAGAAGAGAAAGGGGGAGGAAGATGAGGAGAGGGGAGGAGGAGAGCAAACACTCCAGGTGTAGAGGGAGGAACTGAATACTAGCGGAAAAAAAGTGGGCGGTACCTCTAGAGCTCCGGATGCAGCTAGATCGGAAGAGCGTCG
>rs187293782_12_75763576_CAACTTCCGTCTTAT,ACTGGCCGCTTCACTGTTCCTTGCAATGAGTTCCATTTTCCCTTTTAGATAAATGTATGTAGCTGGGATTACAGGTGCACGCCACCGTGCCCAGTTAAATTTTGTATTTTTAGTAGAGATGGGGTTTCATTATGTTGGCCAGGCTGGTCTCAAACTGGTACCTCTAGACAACTTCCGTCTTATAGATCGGAAGAGCGTCG
>rs117483990_12_89830937_TGGATGAAGTCGAGG,ACTGGCCGCTTCACTGAGAACTAACAAATTTTTCACAAAAATGTGCTTTCAAGGTTGTCACTTTCTTTTTGTATTTTATTTCTTTTTTTCACTATGAACTGAGTATCCTGAGAATAAGGAGCTTGCCTAATACTTTGCCTTCAAGGTATATTATACGGTACCTCTAGATGGATGAAGTCGAGGAGATCGGAAGAGCGTCG
>rs115102486_14_95298227_CGCTTCGAGGCCTCA,ACTGGCCGCTTCACTGCACCATGGCACCCAATTCTAGCTGGGCTCCTGCCTGCAGTCCTCTCCCTTCCCTTCCCCTTCCCCCCCAATAGATTTTATACCCCAGTGAATCACAAAACACAAAGAAGAGCCTGTTCTCTCCCTTGTCCTGACTCAGATGGTACCTCTAGACGCTTCGAGGCCTCAAGATCGGAAGAGCGTCG
>rs150511909_14_97442349_TTACTGAAGTAGTCG,ACTGGCCGCTTCACTGTGTGTGAAATACTGTCTTGGGCCCCATGGCAATTTCTGGATCTAAGTTTGTGATTTCTAGTTTAATCTTTATCTTCTCCTCCTCCCACTGTCTCAGCATCTAGGCTGGGGATCTTTGGCCCACAGAAACCACATCTTTCTGGTACCTCTAGATTACTGAAGTAGTCGAGATCGGAAGAGCGTCG
>rs593742_15_58753575_TTAGACCTCAGGCCA,ACTGGCCGCTTCACTGTAGACAAGTAATACTAGAGGAGAATGCTTGTTGCACAGACCGAAGGCCAATGCTGGTAAACATTTCAACAATTACATTGTGAATTTCCAAATTCTACTAAACTGCCTGCTGGATGTCCCACTGTCATGCCAAACTCAATAGGTACCTCTAGATTAGACCTCAGGCCAAGATCGGAAGAGCGTCG
>rs117618017_15_63277703_AGGCTGCAAGTCAGG,ACTGGCCGCTTCACTGCCGTGTTCTTCGGCTGCGCCTTCATTGCCTTCGGGCCTGCGCTCGCCCTTTATGTCTTCACCATCGCCACCGAGCCGTTGCGTATCATCTTCCTCATCGCCGGGTGAGGCGGTCGCGTCGGGAAACCCGGACGCCGGGGCGGTACCTCTAGAAGGCTGCAAGTCAGGAGATCGGAAGAGCGTCG
>rs75885813_16_7091262_CCGCTCCAGTTACCG,ACTGGCCGCTTCACTGCTCATTTACATTCCAAGTACACTTCCTCTGTTTTTACTTTAAGTTAAAATACTGCAATTTTTAATTTTAACTTTACTTTTTTTTTTTGTTACAAATTTGGTGTTCCATTTATTCACTGAAAATAACTTTTCTTCACTTTAGGTACCTCTAGACCGCTCCAGTTACCGAGATCGGAAGAGCGTCG
>rs118099348_16_19423707_CAGCTTCTTGAATGC,ACTGGCCGCTTCACTGCCCACTGTACTTTCAACAAAGAACACTTCTGTGATCAGATATTGGCGGGGGTTGAGAGGTCCACACTGACCAAGTCTCCAACACCAGCTGGGTGCCCCACAATTTTATTGTTATTATTATTATTATTATTTTGAGACAGAGGTACCTCTAGACAGCTTCTTGAATGCAGATCGGAAGAGCGTCG
>rs7225151_17_5233752_ATGATATGATCATGA,ACTGGCCGCTTCACTGGTTATTTACCACTGAAGCAGAGTGAAGCCTGTGCTCCACATTGCTTCATGGCCAAGACCTCAGGGACAAGTGGACACACCAGGCAGTGGGAGTGGATATGGCAAAGCCAAACCCAGATCTCTTCTCAAAATAATTTTCCAGGTACCTCTAGAATGATATGATCATGAAGATCGGAAGAGCGTCG
>rs113260531_17_5235685_TAAGCTTACGTCAGG,ACTGGCCGCTTCACTGTGATAAATATCTGATAATGTCTGATATATGTCTGGTAAATTTAACAAACACCGGGCTCTGGCTGGGTGCGGTGGCTCACACCTGTAATCCCAGCACTTTGGGAGGCCAAGGCGGGTGGATCACCTGAAGTCAGTAGTTCGGGTACCTCTAGATAAGCTTACGTCAGGAGATCGGAAGAGCGTCG
>rs616338_17_49219935_TCCGCTCGCCGTTAA,ACTGGCCGCTTCACTGCCCGGATTCCCGAGCCAGTGCACCTGCCGGTGGTGCCCGACGGCAGACTCTCCGCCGCCTCCTCTGCGTTTTCCCTGGCCTCGGCCGGGTGAGACCTACAAGCCCACGTGGGTGGGTGGGGGGTGGGAAGTGGCTTTTGAGGTACCTCTAGATCCGCTCGCCGTTAAAGATCGGAAGAGCGTCG
>rs2632516_17_58331728_GCTCCGGACTTCGCC,ACTGGCCGCTTCACTGCCCTCCAGCGTCCAAATGAGGCAGCCACAGCTCCCCTGCCAAGGTCTTGGTCTCCAGTCCACCCCAACCGTGAGGTCCTGACTGCCCAGAGCCTCAGTCCCCACCCTTCAGCCTCCCCACCAGCCCAAGATCCTGACCCCGGTACCTCTAGAGCTCCGGACTTCGCCAGATCGGAAGAGCGTCG
>rs35816125_18_49562460_GAACCTTCGCCATCG,ACTGGCCGCTTCACTGAGGGACGGCTGGAAGGTAACGTGAATTTGTTTTTATTCCCCCCAGCCACTTCTCTGTGCTGGGTCCCCTCTGTCTTGCTGATTCTTCAAACCCTCCTTGTTCCTATGAAATTCTTCCTTTCCCACTGCGCTGCCCATTCTGGTACCTCTAGAGAACCTTCGCCATCGAGATCGGAAGAGCGTCG
>rs3752231_19_1043639_CTAGCGTTCTCTAAG,ACTGGCCGCTTCACTGGAAACTATTTGAAGAAGTAGGAGTTAGCCGATGGAGGGGGATCAGCTTGTGCGGAGGATCAGAGGCACACGCAGGAGCAAGGCAGAGGGGGCAGGGGGTGGGCAGGGGTCCTCAGAGGAGGAGAGGGTCATCAGTGGAGGGGTACCTCTAGACTAGCGTTCTCTAAGAGATCGGAAGAGCGTCG
>rs3764650_19_1046521_CGTCCTTGCCTTGAG,ACTGGCCGCTTCACTGCCCGGGTGTGGGGGTGGGCCCAGGCTCTGTTGGGAACCTTCCTGCGGTCCAGGCTGCGAACTTTGCACCTTTACACCACTCCACGTGACCTGCTGCAGCGGGAGGAGCAGGGGACTCTGAGGGTCTGGTGGGGGGGGGGAGGTACCTCTAGACGTCCTTGCCTTGAGAGATCGGAAGAGCGTCG
>rs4147929_19_1063444_ATATGCGCCTATGAT,ACTGGCCGCTTCACTGCGCCCCATACTCATGCTGCCCCCACCACACTATGTCCCATTCTCACATTTGCCCTGCCCCATGCCCATTATGCCCCTGCTCCACACTCAATGCTGGCCCCGCCACACTGTGGCCCTGCCCCATACTCATCAATATGAGTCGGTACCTCTAGAATATGCGCCTATGATAGATCGGAAGAGCGTCG
>rs9749589_19_3405594_TATGGACGGCTTACG,ACTGGCCGCTTCACTGAGGAGGAAGTTCTCTATGGAGGATCAGGGTCCGTACTGGAATTCCTTTCTATTTTTATTTAATTTAATTTATTTATTTATTTATTTATTTTTGAGATGGAGTTTCACTCTTGTTGCCTAGGCTGGAGTGCAATGGCACGAGGTACCTCTAGATATGGACGGCTTACGAGATCGGAAGAGCGTCG
>rs73046410_19_44549809_CAGCCTAATCTAGGT,ACTGGCCGCTTCACTGGCTGCCCAGGCTGGTCTCAAACTCCTGGGCTCAAGTGATCCTCCTGTCTTGACCTCCCAAAGTGCTGGCCTGACAGGAAGTAAATATCTTTCTTGAAGTCAACTTAGAAATACAAGTTGAAAGTTACACATGTTTATATAGGTACCTCTAGACAGCCTAATCTAGGTAGATCGGAAGAGCGTCG
>rs10426401_19_44644419_ATGGAGTTAGACGGC,ACTGGCCGCTTCACTGTCCTCTTGGCCACCCGGAGAGCGGTCGGAGTTGGGTACAGAAATTCCTCGAAATTGGCAGCAACACGGGTCGGGCACAAGACCCTCCTCTGGGCCCCTCGGAAAGGGGATGGAGTTGGGTGAGGAAATTTCCCAAAAAGGGGTACCTCTAGAATGGAGTTAGACGGCAGATCGGAAGAGCGTCG
>rs56261258_19_44646342_CTTGGATCCTCGGCA,ACTGGCCGCTTCACTGATTGCCTTCCTCTCGTGCCTCAATCCCCCACATTCTTCCAACCAGGACCCACCCAGAGTAATAATGCAGTGTTTCATGGATTTGAAGACCCAAGATTTCTCCCCGTTTTCTACATTGGGGTTATTCTAACCCCTAATGGCGGTACCTCTAGACTTGGATCCTCGGCAAGATCGGAAGAGCGTCG
>rs150820726_19_44723891_TCGCCAGATTCCGGA,ACTGGCCGCTTCACTGCTGCAGAGTTGTGAGCAAGGGACAGACAGAGGTAGGCTTGTACTTCCAAGAGACTCCCCCAGCTGCCACATGCAGGGTGAATGGAATGATGCACAGAATCCAGTTTCAGGGGTAGTTTGGTACTTGGACCCAGGTCCCAGGGTACCTCTAGATCGCCAGATTCCGGAAGATCGGAAGAGCGTCG
>rs4803750_19_44744370_TGACCTATCTCGGTT,ACTGGCCGCTTCACTGTAGCACATGGACGAGCCAGGGCTCAAAACTATGTCTCTAAGCCCAGCATGTTGAATTCTATTTTCCCCAATGAAGCAGGTCCTGCTATTGAAAACACAGGATATTTGATGAGGACAATAATAATATATAATGTTATATTAGGTACCTCTAGATGACCTATCTCGGTTAGATCGGAAGAGCGTCG
>rs2965169_19_44747899_TTGCTCCATCGTTAG,ACTGGCCGCTTCACTGGCACCTAGGATTTTCCGAGCACCCACCCCGGTGCCCCGCGGGCCCCGGCTGGGGGCAGGGCCCCCAACGAGTGCAGAGACACAATCAGTGGAGCGCTCCCCACCCTCACCCCACCCCCAGCCCCTTTAGACCCACAGCTGGGTACCTCTAGATTGCTCCATCGTTAGAGATCGGAAGAGCGTCG
>rs10401176_19_44750234_CGATCTAACTCCGGA,ACTGGCCGCTTCACTGATCAGGAGTTCTGCCACGGCCTCCCAGCTTTCCTATTCCAAGAGTGAGAAAGCAGGCCTCAGTTTTCCCCGTCTGTGTGATGGGTTGGTATGGATTTGCCTGCTGCCATGGTCCCCTCGCCTTTGTTTGTTTTTGTTTTTGGTACCTCTAGACGATCTAACTCCGGAAGATCGGAAGAGCGTCG
>rs114036675_19_44759439_CTTATGACGCCTGGT,ACTGGCCGCTTCACTGCCTGCTCTCTGGGTCTAGCCTCTCACCACCCACCCCTCTGTCTCTCTTCCTTCCTCAGGTCTTCTCTCCGCATCACCATCCTCCTCACCCTCCCAGTCTCCCCCCAGGGACCCCCCTGGATTCCCCATGGCTCCTCCCAAGGTACCTCTAGACTTATGACGCCTGGTAGATCGGAAGAGCGTCG
>rs2967668_19_44799694_CCAGTCGAGGTCTCA,ACTGGCCGCTTCACTGCGTGGCCCCTGTTTTTTCGGTTTGTTGTTGTTGTTGTTGTTGTTTTTAAAAAAGAAAGAAAAGTAAAGAAAGAGAGAGAGAAAGAAAGGGAGAGAAAGAAGGAGGGAGAGAGAAAGGAAAGAGAGAGAAATAGAAAAAGAGGTACCTCTAGACCAGTCGAGGTCTCAAGATCGGAAGAGCGTCG
>rs140824606_19_44807827_GAGTTCAACTAGGCT,ACTGGCCGCTTCACTGTACTTGGGAGGCTGAAGTGGAAGGATTGCTTGAGCCCAGGCGGTTGAGGTTTGAATGAGCTATGATTGCGCCCACTGCATTCCCGGCTGGGCAACAGAGCGAGACCCTGTCAAAAACAAAACAAACAAACAAAAAAAACGGGTACCTCTAGAGAGTTCAACTAGGCTAGATCGGAAGAGCGTCG
>rs58826447_19_44825122_TAATCGTCTTCCGAC,ACTGGCCGCTTCACTGATTTATACTGGCCAAGACCCTTTGTGGCTCTTATCTGACCTGTGTCCAGTTTATTCCAAACCAGGAAAGTCATTAGGTTCAGGTGTGTCAGTCAAGTGACACACACAAAGGAGGCAACTCAACAAAACACATGAAATATCGGTACCTCTAGATAATCGTCTTCCGACAGATCGGAAGAGCGTCG
>rs10402271_19_44825957_TCCGCAAGTCTAGGT,ACTGGCCGCTTCACTGAGAGACACACTGTGATGGAGGTTGTCATATCTGCACAGTCCATTCATTGGAGGTGTGGGGATCAGTAGCTTGGGTCAAGTAGTTTGTATCTATCTAGCTGTCCCATACAGAGATGGTCCCATACAGGAGGAGGTGAGATAGGTACCTCTAGATCCGCAAGTCTAGGTAGATCGGAAGAGCGTCG
>rs148601586_19_44843409_AAGTCTGGATCAGCC,ACTGGCCGCTTCACTGTAATCCCAGCTACTCAGGAGGCTGAGGCAGGAGAATCACTCAAACCTGGGGGGCGGAGGTTGCAGCGAGCCGAGATTGATTGCGCCACTGCACTCCAGCCTTGGCAACAGAGCCAGACTCCGTCTCAAAAACAAAAAGAGGGTACCTCTAGAAAGTCTGGATCAGCCAGATCGGAAGAGCGTCG
>rs41289512_19_44848259_TCCTAGGAGCGAGAC,ACTGGCCGCTTCACTGCAGAAATAGGCAGATGAGATCAGAACTGGCACCTCTGGGTGAATTCTCCGAACCCACCAGACCCTGAGCCTACTGTTAGCTTGGTGCATGATCTCACCGAAGGCTCCAGCTTGCCCTGGGAAACAGGTCCTGTTTCTGTTGGTACCTCTAGATCCTAGGAGCGAGACAGATCGGAAGAGCGTCG
>rs283811_19_44885243_CTAATTACCGAGATT,ACTGGCCGCTTCACTGTTAGTAGGGACAGGGTTTCTCCATGTTGGTCAGGCTGGTCTCACACTCCTGACCTCAGGTGATCTGCCCACCTCGGCCTCCCAAAGTGCTGGGATTACAGGCGTGAGCCACCACGCCTGGCTGATCTTTCTTTCTTTTTTGGTACCTCTAGACTAATTACCGAGATTAGATCGGAAGAGCGTCG
>rs6857_19_44888997_GATAAGTTCTGAGAC,ACTGGCCGCTTCACTGAGGGTCCAGACCCTTCCCTGAGCCCCCACCCCCACCCCAATTCCTGCCTACCAAGCAAGCAGCCCCAGCCTAGGGTCAGACAGGGTGAGCCTCATACAGACTGTGCCTTGATGGCCCCAGCCTTGGGAGAAGAATTTACTGGTACCTCTAGAGATAAGTTCTGAGACAGATCGGAAGAGCGTCG
>rs561654715_19_44890947_TCCTATTGAGTCTCA,ACTGGCCGCTTCACTGGACCAATTATCACAGCAACCTCGCCGCGGGGCGGAATCAAAAGAGGGCCTCCTCCAGGAGAGAGGCGGGGCGATGCCTCAGCGGGCGTGGCAAAATGCTCAGCACAGACCAATGGCGGGTTAGCACCGGAACCCGCGGCGGGTACCTCTAGATCCTATTGAGTCTCAAGATCGGAAGAGCGTCG
>rs76692773_19_44890954_GAGACGGCGTCGTAC,ACTGGCCGCTTCACTGTATCACAGCAACCTCGCCGCGGGGCGGAATCAAAAGAGGGCCTCCTCCAGGAGAGAGGCGGGGCGATGCCTCAGCGGGCGTGGCAAAATGCTCAGCACAGACCAATGGCGGGTTAGCACCGGAACCCGCGGCGACGCGAGGGTACCTCTAGAGAGACGGCGTCGTACAGATCGGAAGAGCGTCG
>rs71352238_19_44891079_AATAGGCTACGTATA,ACTGGCCGCTTCACTGCCGCGGCGACGCGAGCCAATAGGCGCAGGCGCTGCGAGCCAATGGGAAGGGTGGGAGGGGCGCCGTGGCTACCCTGCGAGTGAGAACCAATACAAAAGGACATTTCAGGGAAAGTGGGCGGGACTTTATGCACAAGTCCAGGTACCTCTAGAAATAGGCTACGTATAAGATCGGAAGAGCGTCG
>rs157580_19_44892009_CCTCGTACCGAGGCT,ACTGGCCGCTTCACTGAAGCCAGACTTCTCTTGTGATCGGGAAGGCAACTGAGGCCCAAGGTCACGGTGTCAGCAAGGTGTCAGCGAGGTTCCTTGGGTATGGGACCCAAAGCCTCCGGATCCCAGCCTGGAGCAATTAGAGTAGTAGTAGTGGTGGGTACCTCTAGACCTCGTACCGAGGCTAGATCGGAAGAGCGTCG
>rs2075650_19_44892362_CATGACGTACGCCAT,ACTGGCCGCTTCACTGCTGCTGTGGGTCTCTGGAGAGAGCTGGGGGTGGTAGGGAAGGAAGAGATGAGAGTTGGTGTGGGGTTGGAGTGGAGTGTGACAGCGTTTCTCTTCTCCAGAGCTGTTTCCCATTCAGATGGAGGGTGTCAAGCTCACAGTGGTACCTCTAGACATGACGTACGCCATAGATCGGAAGAGCGTCG
>rs157582_19_44892962_GTATATGAAGTAAGC,ACTGGCCGCTTCACTGCACATATGTGGGGACAAAGCAGCTGAGTCCCACAGAGGTGAGCTTCCTTTTTCATCCATTCATTGTATCCTTCTAATAACAAATTTGTAGCCAAATGTCAAGCTAAGACGGCCTCATCAGGAAAAGGTCACAGCTACCGAGGTACCTCTAGAGTATATGAAGTAAGCAGATCGGAAGAGCGTCG
>rs59007384_19_44893408_CCAGTTAAGCATGAT,ACTGGCCGCTTCACTGTGGGGCATCTCTGGGGTGGCCATGTGGGGGCTAGTTATTAGGAAGGGCAAAACTGGAGGCCCAGACAGGGTTGGGGGGACTGAATGAGGTCTCTGCTTCTGTCATTTCCCTTCAGCAAATGTGTTTATTCTGCAAACCTTGGTACCTCTAGACCAGTTAAGCATGATAGATCGGAAGAGCGTCG
>rs7259620_19_44904531_CTTATCAATTGGTAT,ACTGGCCGCTTCACTGCCCACCCGCTCCAGGAGCCAGGAATGAGTCCCAGTCTCTCCCAGTTCTCACTGTGTGGTTTTGCCATTCGTCTTGCTGCTGAACCACGGGTTTCTCCTCTGAAACATCTGGGATTTATAACAGGGCTTAGGAAAGTGACAGGTACCTCTAGACTTATCAATTGGTATAGATCGGAAGAGCGTCG
>rs449647_19_44905307_TCGGTCTTATGAGTT,ACTGGCCGCTTCACTGCCACGCCTGGCTAACTTTTGTATTTTTAGTAGAGATGGGGTTTCACCATGTTGGCCAGGCTGGTCTCAAACTCCTGACCTTAAGTGATTCGCCCACTGTGGCCTCCCAAAGTGCTGGGATTACAGGCGTGAGCTACCGCCGGTACCTCTAGATCGGTCTTATGAGTTAGATCGGAAGAGCGTCG
>rs405509_19_44905579_CGTAATCATTGCTCC,ACTGGCCGCTTCACTGGAGGACTCTGGGCGGCAGCCTCCACATTCCCCTTCCACGCTTGGCCCCCAGAATGGAGGAGGGTGTCTGTATTACTGGGCGAGGTGTCCTCCCTTCCTGGGGACTGTGGGGGGTGGTCAAAAGACCTCTATGCCCCACCTGGTACCTCTAGACGTAATCATTGCTCCAGATCGGAAGAGCGTCG
>rs769449_19_44906745_CATGAACCTTCAGCT,ACTGGCCGCTTCACTGGCGGGGCTTGCTCGGTTCCCCCCGCTCCTCCCCCTCTCATCCTCACCTCAACCTCCTGGCCCCATTCAGGCAGACCCTGGGCCCCCTCTTCTGAGGCTTCTGTGCTGCTTCCTGGCTCTGAACAGCGATTTGACGCTCTCGGTACCTCTAGACATGAACCTTCAGCTAGATCGGAAGAGCGTCG
>rs769450_19_44907187_TCGGTATATGAGTCG,ACTGGCCGCTTCACTGGGTGATCTGCCCGTTTCGATCTCCCAAAGTGCTGGGATTACAGGCGTGAGCCACCGCACCTGGCTGGGAGTTAGAGGTTTCTAATGCATTGCAGGCAGATAGTGAATACCAGACACGGGGCAGCTGTGATCTTTATTCTCGGTACCTCTAGATCGGTATATGAGTCGAGATCGGAAGAGCGTCG
>rs769452_19_44907853_GGCGTAACCTTACGA,ACTGGCCGCTTCACTGCGGTGGAGACAGAGCCGGAGCCCGAGCTGCGCCAGCAGACCGAGTGGCAGAGCGGCCAGCGCTGGGAACTGGCACTGGGTCGCTTTTGGGATTACCTGCGCTGGGTGCAGACACTGTCTGAGCAGGTGCAGGAGGAGCTGGGTACCTCTAGAGGCGTAACCTTACGAAGATCGGAAGAGCGTCG
>rs1081105_19_44909698_GCTACTGGATAAGTC,ACTGGCCGCTTCACTGGCCTCAGTAGCTGGGATTACAGGCTCACACCACCACACCCGGCTAATTTTTGTATTTTTAGTAGAGACGAGCTTTCACCATGTTGGCCAGGCAGGTCTCAAACTCCTGACCAAGTGATCCACCCGCCGGCCTCCCAAAGTGGTACCTCTAGAGCTACTGGATAAGTCAGATCGGAAGAGCGTCG
>rs439401_19_44911194_TTCATTCTCAGAGAC,ACTGGCCGCTTCACTGTGAGACGAGAGCTGGCGCTCAGAGAGGGGAAGCTTGGATGGAAGCCCAGGAGCCGCCGGCACTCTCTTCTCCTCCCACCCCCTCAGTTCTCAGAGACGGGGAGGAGGGTTCCCACCAACGGGGGACAGGCTGAGACTTGAGGTACCTCTAGATTCATTCTCAGAGACAGATCGGAAGAGCGTCG
>rs483082_19_44912921_TCAGGTCGGTAACCT,ACTGGCCGCTTCACTGAGCAGACATCTGGGTGGATGTTTGGGGGGTGCTGGGCTTAGTTGGGGAAGTAGGGGGGCCCCTGGGGCTGACAGGGACTGGAAGCTCTGAGCTGGCCAGAGGGATGTTGCAATCCTGCCAGGGTCTTGTCTATGCTGTCCGGTACCTCTAGATCAGGTCGGTAACCTAGATCGGAAGAGCGTCG
>rs60049679_19_44926451_AAGTCAATGCCAGAG,ACTGGCCGCTTCACTGCTGAGGAGGCTTGCTGAGAGAGGGGAAGTGAGGGAAAGAGGTGATCTAGGGACACGGTGTGAATGAGGGGGGGATGAGATCACAGGGTTATTACTGGGAGACCCCTGAGGGAAGATGGCCACAGGGACAGGACGAGGCTGGGTACCTCTAGAAAGTCAATGCCAGAGAGATCGGAAGAGCGTCG
>rs4263041_19_44935386_GGTCGTTATCGGCGT,ACTGGCCGCTTCACTGCCCAGCACTTTGGGAGTCCGAGGCGGGCAGATCACTTGAGCTCAAGAGTTCGAAACCAACCTGACCAACATGGTGAAACTCCATCTTTACGAAAAATTAAAAAATTAGCCAGGCGTGGTGGCAAGTGCCTGTAGTCTCAGGGTACCTCTAGAGGTCGTTATCGGCGTAGATCGGAAGAGCGTCG
>rs7254723_19_44952664_TCCTAGACGCCGTAA,ACTGGCCGCTTCACTGACTTTTAGTAGAGATGGGGTTTCTCCATTTTGGTCAGGCTGGTCTCGAACTCCCGACCTCAGGTGATCCACCAGCCTCTGCCTCCCAAAGTGCTGGGATTACAGTGTGAGCCACCACACCCAGCCAATTTTGTACTTTTTGGTACCTCTAGATCCTAGACGCCGTAAAGATCGGAAGAGCGTCG
>rs204907_19_44958739_CTAGCATGATGACGC,ACTGGCCGCTTCACTGCCTTGTGGTATAATTTAGATGGTATAACGTTCACCTGTTCTTAGGATAGAGTCCATTGGCTCCTGGTCCATTTATGCAGTTGTGTGGTGCAGCCATCACCACAGTCTGGTCTGAGAAAGCTTCTGTCCCCTCAAAAAGTTGGTACCTCTAGACTAGCATGATGACGCAGATCGGAAGAGCGTCG
>rs117612135_19_45001269_ACTTCTGGATTCAAT,ACTGGCCGCTTCACTGTAAGGCGTGATGGCTCTAAGCAGGCCTCAGTTGTCTCGTCCAGAGCAATGGGCAGCGACGCCTGCCCAACCCCTCCTGAGCGCCCAGCCTCCCTTTCCCGGCCGGCCCCGCCCCCGCGATCACGTGACGCGTGGGGGTTTGGTACCTCTAGAACTTCTGGATTCAATAGATCGGAAGAGCGTCG
>rs76856627_19_45040497_CGCAGCGCGAGAACG,ACTGGCCGCTTCACTGAGTATATTCATTAATCTTTTCTTGAGGATAATCATTGGTGGGATCCCAAGGGCTTCTGTTTGTTGTAGCATACTGTGTCGTTTGGTGTGGCCTCCCAGTGCCGATCCGGTGTTAGCAAGAAAAAGGGAAGTCTCTGTAACGGTACCTCTAGACGCAGCGCGAGAACGAGATCGGAAGAGCGTCG
>rs112481437_19_45045877_AACCTCGGCAGAATC,ACTGGCCGCTTCACTGAGTAAATATTAGCTCTTGTTATTGACATTACTGTTGCTGATAGAACTGGAGTTTGGATCCAGGTGGAGGGATGGTGCAGAGGAAGGAAGGCTGGAGCTGAGACTCCAGGCCCCCTCCCTGTTAGCAGGGAAGCTTGCTGCGGTACCTCTAGAAACCTCGGCAGAATCAGATCGGAAGAGCGTCG
>rs60239918_19_45077114_GTAGTTCTATTCGGA,ACTGGCCGCTTCACTGGAGGGATTCAATTTTCTCCCCTATGATGGGAAAGGGCATGGTGGAGCTGAGGCTGGAGGGAAGGAAGCCCAGCCAGTGGGCCTGGGCATTGAGGAATTACAAGGAAAGGGAGAGGCAATACGGGTTGGGGATTGAGTTCAGGTACCTCTAGAGTAGTTCTATTCGGAAGATCGGAAGAGCGTCG
>rs183321458_19_45077818_AGGTACGCAGTAAGC,ACTGGCCGCTTCACTGTCCCCAGTTCCCTCTTGGATCTCACTTTCTCCATCTGTCAAAGGAGGTAGGGCAGGTTGGAACTAGAGGGTTATCTGAGGTGGTTTCTTCTTCACTGCCGCCTCCTCTGATCACCCTTTTTTTTTTTGTAATTTTTAATTGGTACCTCTAGAAGGTACGCAGTAAGCAGATCGGAAGAGCGTCG
>rs138137383_19_45098343_TATCTCCGACTGATG,ACTGGCCGCTTCACTGTTCTGAAGGCCAAGGCCAGACTTACACAAGGAACCCATCAGGCCAAACTGCAGGAATGACCTGAGGCTCGGCTGGTCTCCTCAGTCCCAGCTGAACTCTGTGGGGTTGGAAAGATAGGCATGTGAGAGGGACTTGTGATGGGTACCTCTAGATATCTCCGACTGATGAGATCGGAAGAGCGTCG
>rs12461065_19_45102050_GGTCGCGATAAGCGC,ACTGGCCGCTTCACTGTTCCCCTTCCCTTCTCTCCTTGGATCTGAGTCCCTTCCCTCGTGCTCCCCCAGCCAGCGTGTCCTTGGCCTGCTTGGGACATCCTGCCCCTGCATGGGCTGTGGGAGGCGTGTGGGCTGTGAAGTCCGGTGACCTCTCCAGGTACCTCTAGAGGTCGCGATAAGCGCAGATCGGAAGAGCGTCG
>rs28469095_19_45152075_CAGCTAGCGCAATAG,ACTGGCCGCTTCACTGTGTGGGCCAAGTCCCCAGTGTGGTGGCCTTCGCCGGCTTGCCCTGAGGCACGGCCCGACGGGGGCGCCCTGGAGGCGCTGTTGGCCCGGTGGGCAGCGTGGGGGGTATCGCGGGTAGGGGACTTGGGCGGGCTGGGCGGCGGTACCTCTAGACAGCTAGCGCAATAGAGATCGGAAGAGCGTCG
>rs10421247_19_45154228_AGCATCATCGCTAAG,ACTGGCCGCTTCACTGGTGGTCGGTGTAAGGGATGAATGAATGAGATGCTGAGGAGGAGCTATGCTAGGCAGCAGGATACACCCTCGGTCTTATCTTGTTGACTTAACTGCTCCTCCTGCAGGAAGCCCTCCCTGATCCCCAGGCTGGGTCGGGGGGGTACCTCTAGAAGCATCATCGCTAAGAGATCGGAAGAGCGTCG
>rs3865444_19_51224706_TTCTGGATAACTAGC,ACTGGCCGCTTCACTGCTTTGTTTCTCTGCCCCAGACACTCACACGGACCCTATAGAATCCTATATCCTGCTGGACTAAACACCCCATGGATCTAGGTGAGGCTGCGACTCGGGCCAGGCCAGCAGTGATCAGCCCTGGTGTAAACAGTTGTGCACGGTACCTCTAGATTCTGGATAACTAGCAGATCGGAAGAGCGTCG
>rs759819_19_54304302_TATGGCCTAGTATGG,ACTGGCCGCTTCACTGTCTAATCAGAAAACTGCTATCTTGCTTTTATTCCTACCTCCACAGGATGAAAACAGTTAATGGTAGAGACAAAATATGTCCAGAGTAGACAGGAGTCACAGAAAAAGTGAATTCTGATACGTTCTTTCCCAGGAAGTTACGGTACCTCTAGATATGGCCTAGTATGGAGATCGGAAGAGCGTCG
>rs6014724_20_56423488_TCAGGTCCTATTGGC,ACTGGCCGCTTCACTGCATGGGAAACAATTGAAAGTTGCATCAGGTTTTGAAACCAAAAAGGGAGACCTTATATTTTTGTTTAGAAAGTTATATTCTATTCTATTAAGTTTTGTTTTAAAGCTTAAACATTACTTTATTTTATTTATTTATTTATTGGTACCTCTAGATCAGGTCCTATTGGCAGATCGGAAGAGCGTCG
>rs147991290_21_32716160_CCTCATTCGTCGGCA,ACTGGCCGCTTCACTGAACAACCATTAAAACACTCAAAGCAAATTTTAATTGTCACCAGTAAAAATCATGCACAATTTTTAAAACTATACTTCCTTTTGATACTCTAACAAGGCTAAACAATTGCACTAGCCCATTCCACTCTTTATTGCTTCTTTGGTACCTCTAGACCTCATTCGTCGGCAAGATCGGAAGAGCGTCG
>rsabcde_21_32716160_CCTCATTCGTCGGCA,AAAAAAAAAAAAAAAAAAAAAAAAAAAAAAAAAAAAAAAAAAAAAAAAAAAAAAAAAAAAAAAAAAAAAAAAAAAAAAAAAAAAAAGGGGGAAAAAAAAAAAAAAAAAAAAAAAAAAAAAAAAAAAAAAAAAAAAAAAAAAAAAAAAAAAAAAAAAAAAAAAAAAAAAAAAAAAAAAAAAAAAAAAAAAAAAAAAAAAAA
